1,Joel,joel@gmail.com
3,sabari,sabari@gmail.com
4,muthu,muthu@gmail.com
5,kathir,kathir@gmail.com
6,pravin,pravin@gmail.com,
7,hari,hari@gmail.com,
12,laurel,laurel@gmail.com,
15,vasanth,vasanth@gmail.com,
15,vasanth,vasanth@gmail.com,
23,sankar,sankar@gmail.com,
26,Arun,arun1@gmail.com,
